<?xml version="1.0" encoding="UTF-8"?>
<project-private xmlns="http://www.netbeans.org/ns/project-private/1">
    <editor-bookmarks xmlns="http://www.netbeans.org/ns/editor-bookmarks/2" lastBookmarkId="0"/>
    <open-files xmlns="http://www.netbeans.org/ns/projectui-open-files/2">
        <group>
            <file>file:/F:/JAVA-FX-School-Management-System-with-SQLITE-master/src/Admin/Admin.fxml</file>
            <file>file:/F:/JAVA-FX-School-Management-System-with-SQLITE-master/src/Admin/AdminController.java</file>
            <file>file:/F:/JAVA-FX-School-Management-System-with-SQLITE-master/src/Admin/StudentData.java</file>
            <file>file:/F:/JAVA-FX-School-Management-System-with-SQLITE-master/src/students/StudentsFXMLController.java</file>
        </group>
    </open-files>
</project-private>
